,train_loss,test_loss,proc_time,wall_time
0,0.5219632387161255,0.50466174,0.23727753900038806,0.23505330085754395
1,0.5232961177825928,0.5082146,0.17237623299934057,0.17284607887268066
2,0.5226567586263021,0.5056586,0.15752067799985525,0.15752100944519043
3,0.5227826038996378,0.5055884,0.156838167999922,0.15770721435546875
4,0.5222318967183431,0.50674826,0.15743863100033195,0.1575908660888672
5,0.5223004817962646,0.5062181,0.1567533600000388,0.15675115585327148
6,0.5223593711853027,0.5057296,0.1579200469996067,0.15865063667297363
7,0.5233602921168009,0.5061435,0.16020970499994291,0.15928363800048828
8,0.521390954653422,0.50630254,0.15593972800070333,0.15682506561279297
9,0.5233668088912964,0.5060607,0.1600770859995464,0.16092824935913086
10,0.5218234459559122,0.50612295,0.15862239299985958,0.15867304801940918
11,0.5214184522628784,0.5061996,0.15726092800014158,0.1579287052154541
12,0.5217437744140625,0.506005,0.16103516000021045,0.16021990776062012
13,0.5214799245198568,0.50598097,0.15487931600000593,0.15546417236328125
14,0.5216464201609293,0.5061445,0.1575721760000306,0.15694880485534668
15,0.5210933287938436,0.50612134,0.15586614000039845,0.15659165382385254
16,0.5222350756327311,0.506083,0.1549746030004826,0.15511751174926758
17,0.5218286911646525,0.5060068,0.15840962099991884,0.15707731246948242
18,0.5219269196192423,0.5059798,0.15828710900041187,0.1589643955230713
19,0.5223005612691244,0.5059308,0.15712566599995625,0.15762710571289062
20,0.5221434036890665,0.5058959,0.15927290899981017,0.16001605987548828
21,0.5216947396596273,0.5060341,0.15698299599989696,0.1571512222290039
22,0.5220688581466675,0.5061166,0.15649609200045234,0.15753817558288574
23,0.5209966897964478,0.5060334,0.15547150000020338,0.15590286254882812
24,0.5220168431599935,0.5061778,0.15590043300016987,0.1559314727783203
25,0.5218997399012247,0.5059628,0.15470069799994235,0.15505099296569824
26,0.521604855855306,0.5057458,0.16140626099968358,0.16716647148132324
27,0.5215206940968832,0.505845,0.15941752800063114,0.17045211791992188
28,0.5227898359298706,0.5059848,0.15921923800033255,0.15903401374816895
29,0.5224963029225668,0.50580335,0.15942845100016712,0.16023659706115723
30,0.5209063688913981,0.5057152,0.1593871909999507,0.15895509719848633
31,0.5214850107828776,0.50578386,0.15584433799995168,0.15650129318237305
32,0.5220431089401245,0.5059069,0.15764546700029314,0.15775108337402344
33,0.5222696463267008,0.5055608,0.1584882529996321,0.15913939476013184
34,0.5224928855895996,0.50544494,0.15465817499989498,0.15563058853149414
35,0.5210417111714681,0.5059034,0.15948175099947548,0.1587662696838379
36,0.5210174719492594,0.50589573,0.15890642599970306,0.1594231128692627
37,0.5212317705154419,0.5056753,0.156187661000331,0.1562209129333496
38,0.5213895638783773,0.5056188,0.16328661199986527,0.16300654411315918
39,0.5213267803192139,0.505613,0.1572484340003939,0.15879416465759277
40,0.5214777787526449,0.50587577,0.16035911399922043,0.1605229377746582
41,0.5216605265935262,0.50571054,0.15700033699977212,0.15719914436340332
42,0.522103508313497,0.5058016,0.1577437710002414,0.1556401252746582
43,0.5212243795394897,0.50579,0.15794581999944057,0.15776801109313965
44,0.5215087731679281,0.50576454,0.15949232399998436,0.15972423553466797
45,0.5224399964014689,0.5057641,0.15991287599990756,0.16000080108642578
46,0.5213787953058878,0.50567406,0.16275438600041525,0.16771697998046875
47,0.5208575328191122,0.505908,0.16645036800036905,0.16759300231933594
48,0.5214258829752604,0.50578064,0.163617303999672,0.1694631576538086
49,0.522417426109314,0.50562936,0.16646546900028625,0.17444610595703125
50,0.5203158855438232,0.5058639,0.1710707160000311,0.1766972541809082
51,0.5218174060185751,0.5057637,0.16319091900004423,0.16959118843078613
52,0.5214336315790812,0.5055977,0.16355081900019286,0.16933202743530273
53,0.5213356812795004,0.5059674,0.16316365100010444,0.16775870323181152
54,0.5220206578572592,0.5059196,0.16281367000010505,0.16785669326782227
55,0.5207290252049764,0.50562704,0.16601275199991505,0.17119216918945312
56,0.52055557568868,0.5057179,0.1675856339998063,0.1737065315246582
57,0.5212207237879435,0.50586605,0.16682166999999026,0.17396187782287598
58,0.5211209058761597,0.50565225,0.16516843099998368,0.17367911338806152
59,0.52108101050059,0.5058279,0.16550175799966382,0.17209768295288086
60,0.5208287636439005,0.5058942,0.16160344900072232,0.17204952239990234
61,0.5209429264068604,0.50568795,0.16720242300016253,0.16803336143493652
62,0.5207686026891073,0.5057278,0.16287418000047182,0.16921162605285645
63,0.5205426613489786,0.50557107,0.15788155199970788,0.15785765647888184
64,0.520928700764974,0.5057381,0.16190494199963723,0.16101503372192383
65,0.5209827025731405,0.5060478,0.1556966830003148,0.15546870231628418
66,0.5206923484802246,0.5057919,0.15749398499974632,0.15773296356201172
67,0.5206097761789957,0.5057023,0.15826088299945695,0.15797853469848633
68,0.519959568977356,0.50597197,0.15727142699961405,0.15726113319396973
69,0.5211166938145956,0.50590634,0.15803316199981055,0.15677905082702637
70,0.5209728479385376,0.50585675,0.16083815399997548,0.16075444221496582
71,0.5210584799448649,0.5057228,0.158862924999994,0.15978240966796875
72,0.5200602213541666,0.50584394,0.15803855400008615,0.1579735279083252
73,0.5214619239171346,0.5059459,0.15743922799993015,0.15745854377746582
74,0.5207219123840332,0.50569034,0.15810847300053865,0.15759992599487305
75,0.5199366013209025,0.5057523,0.15930246999960218,0.15953278541564941
76,0.5207750797271729,0.5060535,0.16070853100063687,0.1598668098449707
77,0.5202442010243734,0.5061287,0.1582518169998366,0.1591503620147705
78,0.5214528640111288,0.50571287,0.15668191199983994,0.16254901885986328
79,0.5201431512832642,0.5059035,0.1548549199997069,0.15485334396362305
80,0.5208641290664673,0.5061304,0.15788421199977165,0.15760421752929688
81,0.5209633111953735,0.5057579,0.15765762499995617,0.15638375282287598
82,0.5208717981974283,0.5056503,0.1607375889998366,0.16108345985412598
83,0.5199741125106812,0.5057742,0.1574678689994471,0.15668892860412598
84,0.5204463005065918,0.50582325,0.16170922399942356,0.16144704818725586
85,0.5194869836171468,0.5057535,0.1584733330000745,0.15833616256713867
86,0.5212755997975668,0.505818,0.16119942999921477,0.16215825080871582
87,0.5200470685958862,0.5057618,0.15978185800031497,0.159041166305542
88,0.5206954479217529,0.50604665,0.1587403749999794,0.15827322006225586
89,0.5194788773854574,0.5058483,0.15786020800078404,0.15729069709777832
90,0.5202825864156088,0.50577563,0.16347860700079764,0.16246628761291504
91,0.5204300483067831,0.50604707,0.1576712870000847,0.15812897682189941
92,0.5208964347839355,0.5060946,0.1642676430001302,0.16497063636779785
93,0.5196267366409302,0.50596666,0.15774986900032673,0.15782499313354492
94,0.5214651028315226,0.50577605,0.16134841500024777,0.15907931327819824
95,0.5205079317092896,0.5059087,0.16009777399995073,0.15978145599365234
96,0.5195915301640829,0.505915,0.15737068799990084,0.1575760841369629
97,0.5193448861440023,0.5058729,0.15799030200014386,0.15784358978271484
98,0.5215513308842977,0.50563526,0.15892974399957893,0.15797710418701172
99,0.5210705995559692,0.5057649,0.15957612400052312,0.15840721130371094
100,0.5193536281585693,0.505805,0.1612083559994062,0.16069507598876953
101,0.5200769901275635,0.50576043,0.15885971099942253,0.15894222259521484
102,0.5215786298116049,0.50558066,0.15853387799961638,0.15760016441345215
103,0.5209244887034098,0.50570214,0.15970940599981986,0.15984725952148438
104,0.5215117534001669,0.5059683,0.16778057999999874,0.1662614345550537
105,0.5204333464304606,0.50594413,0.157498497999768,0.15772724151611328
106,0.520218014717102,0.5058679,0.161971972000174,0.16307544708251953
107,0.5203701655069987,0.50586843,0.15964230800000223,0.1601247787475586
108,0.520581841468811,0.5058633,0.1627824490005878,0.1626577377319336
109,0.5197512706120809,0.50577563,0.1585724990000017,0.15851235389709473
110,0.519930362701416,0.505671,0.16132407799977955,0.16095542907714844
111,0.519426703453064,0.5055306,0.16386542700001883,0.16281604766845703
112,0.5197275479634603,0.50550896,0.1604345200003081,0.15925073623657227
113,0.5211620330810547,0.50564814,0.16031491900048422,0.16078424453735352
114,0.5200756788253784,0.5056717,0.16215170199939166,0.16111493110656738
115,0.5210618178049723,0.5056913,0.16274175200032914,0.16251611709594727
116,0.5201618671417236,0.5055701,0.16476957499980927,0.16241955757141113
117,0.5194321076075236,0.505551,0.16024560699952417,0.16064071655273438
118,0.5205399990081787,0.50545114,0.16074491099971056,0.16116738319396973
119,0.5198327302932739,0.50555027,0.15715005400033988,0.1571807861328125
120,0.5205327272415161,0.5056651,0.15968565399998624,0.15897727012634277
121,0.5195115407307943,0.5055837,0.16629826899952604,0.1737351417541504
122,0.5199511448542277,0.5053884,0.1672058640006071,0.1796588897705078
123,0.5200011730194092,0.5053871,0.1655872500004989,0.17200660705566406
124,0.519944945971171,0.50572205,0.17244308299996192,0.17542529106140137
125,0.5200368960698446,0.5057434,0.16775116000007984,0.16958117485046387
126,0.5210641622543335,0.50559264,0.16315306700016663,0.17186427116394043
127,0.5191168387730917,0.50574833,0.16861495500052115,0.16976118087768555
128,0.5197298129399618,0.50594574,0.16498614800002542,0.17306804656982422
129,0.5196241537729899,0.5057243,0.16664807999950426,0.16948604583740234
130,0.5197165807088217,0.50536066,0.16825210899969534,0.1698148250579834
131,0.5196286837259928,0.50562084,0.16696777000015572,0.169114351272583
132,0.5200037558873495,0.50578827,0.16584465899995848,0.16968441009521484
133,0.5199853976567587,0.50572336,0.16318846499962092,0.17400789260864258
134,0.5194431145985922,0.5057501,0.16587555299975065,0.17277026176452637
135,0.5202716986338297,0.50589216,0.16744282499985275,0.1729276180267334
136,0.5204868316650391,0.5058899,0.17115037300027325,0.17780637741088867
137,0.5198775132497152,0.5055762,0.15800012599993352,0.15796399116516113
138,0.5188273986180624,0.50571436,0.16174253099961788,0.1606605052947998
139,0.5200610955556234,0.5059912,0.16117375999965589,0.16187715530395508
140,0.5199039379755656,0.50592285,0.16346695500033093,0.1626143455505371
141,0.5201119581858317,0.5055861,0.15733255399936752,0.1570427417755127
142,0.5194143454233805,0.5055341,0.15889327700006106,0.1598954200744629
143,0.5195700327555338,0.5056193,0.16211168700010603,0.16074585914611816
144,0.5197409788767496,0.5058972,0.15993791399978363,0.1604912281036377
145,0.5202223459879557,0.50599915,0.16019371000038518,0.1615138053894043
146,0.5190407037734985,0.5058749,0.1632669110003917,0.16382050514221191
147,0.5205917755762736,0.5058826,0.1627761299996564,0.16377019882202148
148,0.5210010608037313,0.5060733,0.16192978700019012,0.16173505783081055
149,0.5196104447046915,0.5057423,0.16055292100008955,0.160630464553833
150,0.5194042523701986,0.50576913,0.1659824270000172,0.16424250602722168
151,0.5203035275141398,0.5060511,0.1663918439999179,0.1660294532775879
152,0.5200864473978678,0.50598425,0.16476722800052812,0.16633820533752441
153,0.5206782817840576,0.5057841,0.16261932300039916,0.16281604766845703
154,0.519267717997233,0.50551313,0.1631473500001448,0.16456341743469238
155,0.5199800729751587,0.50544804,0.16151859600086027,0.16008472442626953
156,0.5195751190185547,0.50553745,0.1644999199997983,0.16393780708312988
157,0.5198119481404623,0.5056958,0.16058496100049524,0.16036415100097656
158,0.5201990604400635,0.5058039,0.16181907000009232,0.16307830810546875
159,0.5194551150004069,0.50582105,0.1589698829993722,0.15894865989685059
160,0.5194902420043945,0.50583625,0.16317705599976762,0.1629042625427246
161,0.5197148323059082,0.505614,0.1592033150000134,0.16000938415527344
162,0.5187455415725708,0.50561553,0.15987109599973337,0.16283869743347168
163,0.5202492078145345,0.50577044,0.16150173599999107,0.1613140106201172
164,0.5194441874821981,0.50579876,0.15927617699981056,0.16061091423034668
165,0.519709587097168,0.5056991,0.15591758899972774,0.15591907501220703
166,0.5199824571609497,0.5055785,0.15756907800005138,0.15744853019714355
167,0.5206992626190186,0.5056503,0.16181196300021838,0.16180849075317383
168,0.5193094809850057,0.50565016,0.16120909999972355,0.16067957878112793
169,0.5199440717697144,0.50590706,0.16065460000027088,0.1599721908569336
170,0.5183390378952026,0.5059016,0.1627924989998064,0.16260766983032227
171,0.5193955103556315,0.50547135,0.15824959699966712,0.15813040733337402
172,0.5193491776784261,0.5055605,0.1649430179995761,0.1631004810333252
173,0.5199568271636963,0.50568455,0.1613238129993988,0.16171669960021973
174,0.5195617278416952,0.50580907,0.16609650800000963,0.1651763916015625
175,0.5188101132710775,0.505965,0.16235874300036812,0.1625657081604004
176,0.5197616020838419,0.50584567,0.16169337200062728,0.160783052444458
177,0.5193283557891846,0.50569344,0.1567529359999753,0.15709543228149414
178,0.519386092821757,0.50571847,0.1618996649995097,0.16150832176208496
179,0.5184166431427002,0.5059946,0.16225747500084253,0.1623978614807129
180,0.519134004910787,0.50598764,0.15969144700011384,0.16028809547424316
181,0.5191560586293539,0.50572515,0.15917081399948074,0.15935778617858887
182,0.5190961360931396,0.505687,0.1573138599997037,0.15824174880981445
183,0.5184759298960367,0.50580907,0.15834406399972067,0.1587972640991211
184,0.5194208224614462,0.50584847,0.16018356400036282,0.16140151023864746
185,0.5191595951716105,0.5061154,0.15854863100048533,0.15825152397155762
186,0.5191484292348226,0.50642097,0.16087434200017015,0.16373538970947266
187,0.5189137856165568,0.5062843,0.16080299700024625,0.16103625297546387
188,0.5189038515090942,0.5061387,0.1590783849997024,0.15929269790649414
189,0.5187257130940756,0.50620735,0.15694853600052738,0.15700459480285645
190,0.5190383195877075,0.50601923,0.15717546999985643,0.15731358528137207
191,0.5175393422444662,0.5059679,0.15678657599983126,0.1569364070892334
192,0.5195990800857544,0.50630736,0.16124351199960074,0.16036295890808105
193,0.5197222232818604,0.5063155,0.15839291499924002,0.15876507759094238
194,0.5191225608189901,0.5062114,0.15853155300010258,0.15806889533996582
195,0.5175765752792358,0.5061366,0.1682824890003758,0.17127752304077148
196,0.5181451241175333,0.50640357,0.16641396199975134,0.16940855979919434
197,0.5182334979375204,0.5060268,0.16662766199988255,0.16966462135314941
198,0.5191440979639689,0.5058445,0.16250164700068126,0.17314505577087402
199,0.5189183155695597,0.50610423,0.16732744900036778,0.16996550559997559
200,0.5194469690322876,0.5060426,0.16700129299988475,0.16913270950317383
201,0.5187977155049642,0.5060049,0.16681556399998954,0.1692202091217041
202,0.517175038655599,0.5061767,0.1660157309997885,0.16950130462646484
203,0.5182463328043619,0.5064063,0.16637148699919635,0.1700139045715332
204,0.5165485541025797,0.50616765,0.16402091499912785,0.1718449592590332
205,0.5172157287597656,0.5060109,0.16566230799980985,0.16719722747802734
206,0.5187862714131674,0.5063272,0.16759085099965887,0.17217731475830078
207,0.5185122489929199,0.50594723,0.16558314000030805,0.17217016220092773
208,0.5164138078689575,0.50567967,0.16481703099998413,0.17423081398010254
209,0.5181315739949545,0.5055271,0.1646636050008965,0.1741623878479004
210,0.5171268383661906,0.5060428,0.16883228099959524,0.17104315757751465
211,0.5187405347824097,0.5058815,0.1630307850000463,0.16194534301757812
212,0.5193921327590942,0.5053396,0.1602209570000923,0.16025137901306152
213,0.5177140633265177,0.5061229,0.1562467909998304,0.15598630905151367
214,0.5182254711786906,0.5067088,0.1594707770000241,0.15877032279968262
215,0.5196262200673422,0.5059406,0.16014907199951267,0.16061186790466309
216,0.5178465048472086,0.5053594,0.15798147799978324,0.1582193374633789
217,0.5184047619501749,0.50538236,0.15741099000024406,0.1579585075378418
218,0.5184990564982096,0.50540185,0.1575508420000915,0.15760231018066406
219,0.5181635618209839,0.50549066,0.16129236300002958,0.16135311126708984
220,0.5178904136021932,0.5054725,0.15685102000043116,0.15730857849121094
221,0.5175764958063761,0.50553656,0.15965561299981346,0.1599445343017578
222,0.5176289478937784,0.50556684,0.15778687900001387,0.15771484375
223,0.5161241292953491,0.50531536,0.1575975860005201,0.15776491165161133
224,0.5174334843953451,0.50528187,0.15945665300023393,0.15886664390563965
225,0.5175764560699463,0.5053897,0.1567011070001172,0.15681719779968262
226,0.5181904236475626,0.5058066,0.15639850099978503,0.1566638946533203
227,0.5189037322998047,0.5059105,0.1591689260003477,0.15930938720703125
228,0.517475962638855,0.5057156,0.15665290499964613,0.1577625274658203
229,0.5161880254745483,0.5058022,0.1599974739992831,0.1586775779724121
230,0.5183290640513102,0.50570595,0.15717695700004697,0.1563706398010254
231,0.5178103844324747,0.5055209,0.15630899499956286,0.15629243850708008
232,0.5175919532775879,0.505474,0.1575714999999036,0.15669798851013184
233,0.5164515574773153,0.50536704,0.15838706100021227,0.158308744430542
234,0.5166164636611938,0.50557774,0.15949576400089427,0.15908408164978027
235,0.5175202290217081,0.50546795,0.1567550259997006,0.15674519538879395
236,0.5173292954762777,0.5055766,0.1610061349992975,0.1579587459564209
237,0.5188271204630533,0.5058733,0.15715293799985375,0.15708613395690918
238,0.5175514221191406,0.5055057,0.16117072599990934,0.1613144874572754
239,0.5159852504730225,0.5053314,0.1611921510002503,0.16145586967468262
240,0.517619808514913,0.5054433,0.15921544699995138,0.16056132316589355
241,0.5167438983917236,0.5055421,0.16063318899978185,0.1605663299560547
242,0.5176206032435099,0.505503,0.1585148410003967,0.1579725742340088
243,0.5179195404052734,0.5058726,0.16083568500016554,0.16036152839660645
244,0.5165119965871176,0.50578654,0.1619600009998976,0.16203784942626953
245,0.5181091626485189,0.5054725,0.15984575699985726,0.15991568565368652
246,0.5167988538742065,0.5055639,0.1603846119996888,0.15952587127685547
247,0.5181789000829061,0.5054815,0.1634397710004123,0.16245055198669434
248,0.516624927520752,0.5055026,0.16044433699971705,0.16019511222839355
249,0.5185464223225912,0.5054264,0.16028104799988796,0.1602799892425537
250,0.5175903638203939,0.5054498,0.15693491000001814,0.15848374366760254
251,0.5168567498524984,0.5053552,0.15955346700047812,0.16028165817260742
252,0.5164422988891602,0.5051359,0.16102407200014568,0.16242051124572754
253,0.5166932741800944,0.5052426,0.1554845969994858,0.15552544593811035
254,0.5175590912501017,0.505486,0.15541918399958377,0.15536808967590332
255,0.5170998175938925,0.50545216,0.1569082839996554,0.15661096572875977
256,0.5168876250584921,0.5055822,0.15849684000022535,0.15747833251953125
257,0.5169389247894287,0.50579333,0.15789074399981473,0.15817022323608398
258,0.5183595816294352,0.5053154,0.1607287319993702,0.15986204147338867
259,0.5187176068623861,0.5050765,0.1584341060006409,0.1573173999786377
260,0.5179430246353149,0.5050323,0.15957159100071294,0.15907883644104004
261,0.5176644722620646,0.50478834,0.15630200900068303,0.15617036819458008
262,0.5164031585057577,0.50488144,0.1585096570006499,0.1579575538635254
263,0.5178756316502889,0.50523543,0.15938941000058549,0.16004109382629395
264,0.5170297225316366,0.5051463,0.15776232600001094,0.15735435485839844
265,0.5165226856867472,0.50504893,0.156132417999288,0.15643644332885742
266,0.5163365602493286,0.5051511,0.15997963500012702,0.15884089469909668
267,0.5166193246841431,0.5053492,0.1550687539993305,0.15486454963684082
268,0.5169113079706827,0.50531936,0.1589004150000619,0.15778398513793945
269,0.5173587799072266,0.5051819,0.16122434199951385,0.16154837608337402
270,0.5156299273173014,0.5054816,0.16695613299998513,0.173051118850708
271,0.5169831116994222,0.5056873,0.17108684100003302,0.17173171043395996
272,0.5170709292093912,0.5054931,0.16534825000053388,0.17613744735717773
273,0.5165106852849325,0.5056804,0.1661588450006093,0.16895842552185059
274,0.5181761185328165,0.50558114,0.1656855009996434,0.1679553985595703
275,0.517695148785909,0.50536233,0.16361352100011572,0.17399263381958008
276,0.516050378481547,0.50542915,0.16764026500004547,0.17498016357421875
277,0.5164979696273804,0.50559634,0.17015783100032422,0.17139649391174316
278,0.5168246030807495,0.50613,0.16682647800007544,0.17025184631347656
279,0.5170263846715292,0.505873,0.16931537499931437,0.1695690155029297
280,0.5170623461405436,0.50575876,0.16277884299961443,0.17014741897583008
281,0.5180880228678385,0.5055092,0.1627703140002268,0.17470169067382812
282,0.5167620976765951,0.50560856,0.1656482190001043,0.17198991775512695
283,0.517125646273295,0.5057829,0.1633820220004054,0.17043685913085938
284,0.5161863962809244,0.50588435,0.16936616800012416,0.17462801933288574
285,0.5153369903564453,0.5056104,0.1695643180000843,0.16999268531799316
286,0.5158690611521403,0.50560325,0.15810747500017897,0.1583724021911621
287,0.5163377523422241,0.5059014,0.16002319100061868,0.15983939170837402
288,0.516287366549174,0.5058948,0.16401942299944494,0.1633141040802002
289,0.517310380935669,0.5056367,0.15791335999983858,0.15829896926879883
290,0.5163410902023315,0.5055847,0.15797573599957104,0.1579420566558838
291,0.5164048274358114,0.5057081,0.15632941400053824,0.15634942054748535
292,0.5168917576471964,0.5054908,0.15919563199986442,0.1589803695678711
293,0.5166068077087402,0.50555515,0.1596793170001547,0.1583576202392578
294,0.5165102481842041,0.5057756,0.15790324699992198,0.15930533409118652
295,0.5170434713363647,0.5057756,0.16072617800000444,0.16063284873962402
296,0.5174448092778524,0.50564396,0.1581240039995464,0.15862679481506348
297,0.5166589021682739,0.5058358,0.15893900299943198,0.15920805931091309
298,0.5178769032160441,0.50586206,0.16124316099921998,0.16162419319152832
299,0.5161444346110026,0.5056272,0.1579675609991682,0.1582660675048828
300,0.5165393352508545,0.5055991,0.15802916100074071,0.15732669830322266
301,0.517296036084493,0.5056438,0.15798473399991053,0.1575925350189209
302,0.516532301902771,0.5052483,0.15674803399997472,0.1575636863708496
303,0.5173126856486002,0.5053346,0.1572402609999699,0.1574561595916748
304,0.5175876617431641,0.50524455,0.15994266500001686,0.16118860244750977
305,0.5168164173762003,0.50525403,0.15903119999984483,0.15774869918823242
306,0.5176765521367391,0.5054881,0.1582965729994612,0.1586315631866455
307,0.516525387763977,0.50590295,0.1599445289994037,0.15934300422668457
308,0.5165316661198934,0.5058803,0.16330630499942345,0.16379308700561523
309,0.5169456402460734,0.50566995,0.15650755499973457,0.1572728157043457
310,0.5176121791203817,0.50558376,0.15836186399974395,0.1583266258239746
311,0.5176153977711996,0.50572664,0.15672374600035255,0.15600204467773438
312,0.5178173383076986,0.50577885,0.15643527500014898,0.156937837600708
313,0.5171563625335693,0.5057841,0.1580079380000825,0.15819001197814941
314,0.5155988136927286,0.50570583,0.15798397199978353,0.15779900550842285
315,0.5169624487559,0.50547725,0.1589094130004014,0.1589221954345703
316,0.516031821568807,0.50535643,0.16025900099975843,0.15895605087280273
317,0.5168087085088094,0.50559074,0.15423834600005648,0.1542203426361084
318,0.515646497408549,0.50575614,0.1587246889994276,0.15738868713378906
319,0.5173718531926473,0.5058674,0.15788254600010987,0.1584913730621338
320,0.5169949928919474,0.505766,0.15868237399990903,0.1596992015838623
321,0.5154135227203369,0.505975,0.15715048800029763,0.15974879264831543
322,0.5174785455067953,0.5059923,0.1637582769999426,0.16335844993591309
323,0.5154662132263184,0.5059226,0.15827635599998757,0.15676331520080566
324,0.5172406435012817,0.5058296,0.15715022299991688,0.15548300743103027
325,0.5165932575861613,0.5057775,0.1607667570006015,0.16085362434387207
326,0.5160748561223348,0.50573766,0.16102604499974404,0.16009736061096191
327,0.5170373916625977,0.5056894,0.15857820800010813,0.15858173370361328
328,0.51636270682017,0.50573856,0.15925159900052677,0.16443252563476562
329,0.5155479907989502,0.5058416,0.1567772819998936,0.1569366455078125
330,0.516812245051066,0.5058644,0.15817705700010265,0.1570754051208496
331,0.5153240362803141,0.50586885,0.1588345489999483,0.15896129608154297
332,0.5157316128412882,0.5059802,0.159458311999515,0.15989446640014648
333,0.5160431067148844,0.5061275,0.157089256999825,0.15746426582336426
334,0.5162638823191324,0.5064944,0.16241461400022672,0.16203689575195312
335,0.5182928244272867,0.5064589,0.1563340029997562,0.156325101852417
336,0.5162847836812338,0.5063889,0.1562663650001923,0.1558070182800293
337,0.517837127049764,0.5064788,0.15639939599986974,0.1560211181640625
338,0.5157946745554606,0.5065905,0.15810765900005208,0.15726590156555176
339,0.5178669293721517,0.5063481,0.15786563199981174,0.15739130973815918
340,0.5170174439748129,0.50628465,0.1583239000001413,0.1588892936706543
341,0.5156334638595581,0.50666064,0.15892951600017113,0.1593008041381836
342,0.5171223084131876,0.5069855,0.15753330400002596,0.15734410285949707
343,0.5158518552780151,0.5072034,0.1555484840000645,0.15622949600219727
344,0.5172311862309774,0.50773793,0.15980478799974662,0.16176152229309082
345,0.5161085526148478,0.50763744,0.16720061999967584,0.1684420108795166
346,0.5165766080220541,0.5075967,0.1624356299998908,0.1703476905822754
347,0.5158733129501343,0.50751895,0.16665194600045652,0.16736626625061035
348,0.5152758757273356,0.50756794,0.16678291000062018,0.17077875137329102
349,0.5148582061131796,0.5074594,0.16597790499963594,0.1676924228668213
350,0.5164085626602173,0.50692815,0.16345810900020297,0.16686153411865234
351,0.5157673358917236,0.5069736,0.16717570799937675,0.1707308292388916
352,0.5172717571258545,0.50727266,0.16501766700002918,0.17111492156982422
353,0.515301783879598,0.50758296,0.1637039029992593,0.16655564308166504
354,0.5155784289042155,0.50794685,0.16273186299986264,0.1677391529083252
355,0.5134905179341634,0.5079573,0.16592388200024288,0.16795635223388672
356,0.5154020388921102,0.5083505,0.16642671400040854,0.17331242561340332
357,0.5153268575668335,0.50817245,0.16791791700052272,0.17309093475341797
358,0.5152499278386434,0.5078537,0.16378531499958626,0.1710665225982666
359,0.5152409076690674,0.50818944,0.165992799000378,0.170668363571167
360,0.515243927637736,0.50775784,0.1686934420004036,0.17156457901000977
361,0.5151659647623698,0.50783217,0.15601820099982433,0.15627264976501465
362,0.5170032978057861,0.5079075,0.15828991099988343,0.15833091735839844
363,0.5157690048217773,0.50815135,0.15614859000015713,0.15655517578125
364,0.5149917602539062,0.5074335,0.15838130399970396,0.1587998867034912
365,0.5142941474914551,0.5071861,0.1591705679993538,0.15928435325622559
366,0.515229344367981,0.50785464,0.1577952080006071,0.15835952758789062
367,0.5152762730916342,0.50799567,0.15564049199929286,0.15562200546264648
368,0.5168692668279012,0.50743884,0.1628228859999581,0.16144752502441406
369,0.5161437193552653,0.5074127,0.15972847300054127,0.16011619567871094
370,0.5168159008026123,0.5074992,0.16080759999931615,0.16136884689331055
371,0.516607403755188,0.50721425,0.15495042400016246,0.15548110008239746
372,0.514984925587972,0.5068471,0.16038546200070414,0.16138100624084473
373,0.5161523024241129,0.50677174,0.15716491700004553,0.1560511589050293
374,0.5156683127085367,0.5069903,0.15543350799998734,0.1559889316558838
375,0.5152614116668701,0.5070639,0.16167228000085743,0.16201448440551758
376,0.5149286190668741,0.507281,0.16211114399993676,0.16200947761535645
377,0.516327977180481,0.50782853,0.1572223330003908,0.1571366786956787
378,0.5157748063405355,0.50785357,0.15764465799929894,0.15633678436279297
379,0.5155131022135416,0.5072601,0.15680733499993948,0.1568315029144287
380,0.5156855980555216,0.507184,0.16033529699961946,0.15793085098266602
381,0.5156108935674032,0.5073285,0.15729051000016625,0.15717196464538574
382,0.5158072710037231,0.5073577,0.16133578500011936,0.15978646278381348
383,0.5139990647633871,0.5076607,0.15946887900008733,0.15941405296325684
384,0.5149006048838297,0.5078497,0.15792655200039007,0.15932130813598633
385,0.5148509740829468,0.5073522,0.15527597999971476,0.15455365180969238
386,0.5153828064600626,0.50681615,0.1564617840003848,0.15659284591674805
387,0.5153457323710123,0.5068748,0.15853477000018756,0.15827250480651855
388,0.5153259038925171,0.5073635,0.1634027589998368,0.16306781768798828
389,0.5148853858311971,0.507363,0.1576308670000799,0.15738892555236816
390,0.514289657274882,0.50788647,0.15883925200068916,0.1589345932006836
391,0.5149527788162231,0.5073238,0.16067481200025213,0.15912771224975586
392,0.5157938003540039,0.50674945,0.16052611200029787,0.16818952560424805
393,0.5136051972707113,0.5071591,0.15731727799993678,0.15984225273132324
394,0.5144018729527792,0.50813955,0.1584285409999211,0.15911126136779785
395,0.5148271719614664,0.5080978,0.1554955110004812,0.15718960762023926
396,0.513799786567688,0.50788283,0.15736747400023887,0.15739035606384277
397,0.5133812427520752,0.50756437,0.15884151399950497,0.1587381362915039
398,0.5141372283299764,0.50708926,0.16103856600057043,0.1603102684020996
399,0.515261689821879,0.50698936,0.1578142120006305,0.15728282928466797
400,0.5142978032430013,0.50735277,0.16049182400001882,0.16262125968933105
401,0.5146313508351644,0.50809616,0.15728467000008095,0.15771055221557617
402,0.5140308936436971,0.5077566,0.15578482399996574,0.15607333183288574
403,0.5135602553685507,0.50697947,0.15912031500010926,0.15848994255065918
404,0.5145136515299479,0.50689864,0.15633642700049677,0.15674781799316406
405,0.5153956413269043,0.5071744,0.1583395030002066,0.1580514907836914
406,0.5142744779586792,0.507714,0.1572428930003298,0.15824151039123535
407,0.5144193569819132,0.5076238,0.157318937999662,0.15766525268554688
408,0.5140714248021444,0.507334,0.15954654600045615,0.15911269187927246
409,0.5138216416041056,0.50784457,0.15636898199954885,0.1571662425994873
410,0.5148270130157471,0.5081772,0.1583069179996528,0.15821170806884766
411,0.5136945645014445,0.5077754,0.1560635160003585,0.15601134300231934
412,0.5121291875839233,0.5077114,0.16011152600003697,0.16106700897216797
413,0.5139886140823364,0.5076089,0.15767701200002193,0.15745854377746582
414,0.514464259147644,0.507462,0.15738419300032547,0.1573324203491211
415,0.5153278509775797,0.50720865,0.158197470000232,0.1576845645904541
416,0.5133634408315023,0.5075334,0.15752212000006693,0.15826201438903809
417,0.5130759874979655,0.5080653,0.15850829200007865,0.1588151454925537
418,0.5131814082463583,0.50802654,0.1606126660008158,0.16146183013916016
419,0.5129997730255127,0.5076577,0.159870772999966,0.1624758243560791
420,0.5150302648544312,0.5073043,0.16741050200016616,0.17090535163879395
421,0.5129450559616089,0.50745445,0.167316251999182,0.17034506797790527
422,0.5138423840204874,0.5073374,0.1638133270007529,0.1684424877166748
423,0.5142414569854736,0.507019,0.16461464100029843,0.17315244674682617
424,0.5139171282450358,0.5065836,0.16605797100055497,0.1713850498199463
425,0.5138585170110067,0.5070134,0.16826187700007722,0.16939234733581543
426,0.5129396915435791,0.5067625,0.16542957199999364,0.16958904266357422
427,0.5124836762746176,0.506472,0.16815646800023387,0.16884255409240723
428,0.514544685681661,0.505652,0.1653732230006426,0.17335271835327148
429,0.5122193098068237,0.5055876,0.1631416750005883,0.1704862117767334
430,0.5134371916453043,0.5058329,0.16614506800033269,0.1693882942199707
431,0.5111942291259766,0.5058005,0.16294618000029004,0.1708834171295166
432,0.5119936466217041,0.50583136,0.16404034700008197,0.17270159721374512
433,0.5121671756108602,0.5056522,0.16417131500020332,0.16862964630126953
434,0.5112694104512533,0.5049663,0.16124585200032016,0.17102289199829102
435,0.5115434726079305,0.50465876,0.16448421499990218,0.18001794815063477
436,0.5105937321980795,0.5026766,0.15991138799927285,0.16782140731811523
437,0.510424534479777,0.50428164,0.16000417299983383,0.1590099334716797
438,0.5106345812479655,0.504173,0.15987308700005087,0.1597898006439209
439,0.5112636486689249,0.50320697,0.15953129099943908,0.15911579132080078
440,0.5105801423390707,0.5038292,0.1607083809994947,0.16217827796936035
441,0.5097540616989136,0.5034402,0.16015555200010567,0.16101574897766113
442,0.5104914506276449,0.5036696,0.16038834099981614,0.16019368171691895
443,0.5086361169815063,0.5039318,0.1561840080003094,0.15653514862060547
444,0.5082623958587646,0.503786,0.15802341000016895,0.1593916416168213
445,0.5090560913085938,0.5052148,0.15813410000009753,0.15889811515808105
446,0.509606679280599,0.50489545,0.1576735409998946,0.1601243019104004
447,0.5091082652409872,0.5021286,0.1566706260000501,0.15657949447631836
448,0.5085532267888387,0.50331646,0.15581334499984223,0.16044068336486816
449,0.5081334908803304,0.5036031,0.15635470699999132,0.15513253211975098
450,0.5080845753351847,0.5026762,0.1577970730004381,0.15732693672180176
451,0.5062429507573446,0.5049654,0.1597979240004861,0.15940594673156738
452,0.5074065526326498,0.50439364,0.15869093899982545,0.15904831886291504
453,0.5066397587458292,0.5041338,0.15536810799949308,0.15555334091186523
454,0.5075662930806478,0.5035525,0.15826402800030337,0.15804624557495117
455,0.5060349305470785,0.5020797,0.1567021549999481,0.15546870231628418
456,0.5053950945536295,0.5046756,0.15755837300002895,0.1581897735595703
457,0.50645379225413,0.50376564,0.1569855510006164,0.15685796737670898
458,0.5056863228480021,0.5025031,0.15657183799976337,0.1560201644897461
459,0.5039287805557251,0.5035805,0.1578408949999357,0.15850353240966797
460,0.5055192311604818,0.50172454,0.15847956300058286,0.15803790092468262
461,0.5049501657485962,0.5015506,0.1546744019997277,0.1546330451965332
462,0.5056671698888143,0.5064434,0.15661194899985276,0.15787220001220703
463,0.5041894912719727,0.5053831,0.15728669599957357,0.15794801712036133
464,0.5013422966003418,0.50558156,0.15665183299915952,0.15854883193969727
465,0.5035666227340698,0.5018478,0.15631999500055827,0.15709161758422852
466,0.5037475029627482,0.5058552,0.15592139300042618,0.1556849479675293
467,0.505801240603129,0.5049227,0.15501796799981093,0.15648770332336426
468,0.5024270613988241,0.5023008,0.15597831800005224,0.15622615814208984
469,0.4996885061264038,0.5042633,0.16172136800014414,0.16148114204406738
470,0.5000998973846436,0.50531954,0.1616881010004363,0.16243410110473633
471,0.5012768507003784,0.50453246,0.1580863170001976,0.15807151794433594
472,0.502076784769694,0.50387657,0.16135143300016352,0.15983080863952637
473,0.499164621035258,0.50465566,0.1563265330005379,0.15674638748168945
474,0.49879546960194904,0.5014977,0.15772349500002747,0.1579148769378662
475,0.49788018067677814,0.5103261,0.15762226099923282,0.15758657455444336
476,0.49976174036661786,0.50351644,0.15706962600052066,0.15709447860717773
477,0.49632811546325684,0.5030461,0.15723333499954606,0.15764307975769043
478,0.4982433319091797,0.5081364,0.1641578369999479,0.16283679008483887
479,0.4964548746744792,0.50670075,0.15655038099976082,0.15673422813415527
480,0.4959900379180908,0.50105196,0.1589290259998961,0.15789198875427246
481,0.495034138361613,0.508417,0.15757173699967097,0.15735435485839844
482,0.49763941764831543,0.50396997,0.16204854099942168,0.1622309684753418
483,0.49304131666819256,0.5072196,0.16035254999951576,0.16009020805358887
484,0.4965678056081136,0.50693065,0.15533640299963736,0.15581965446472168
485,0.4914685885111491,0.50441426,0.16052761399987503,0.15940237045288086
486,0.4932327667872111,0.5087707,0.1589113410000209,0.15946412086486816
487,0.4934590260187785,0.50577587,0.1582227740000235,0.1581869125366211
488,0.4903145631154378,0.5057489,0.1593632610001805,0.16039681434631348
489,0.4909079074859619,0.5065565,0.1609479899998405,0.16081857681274414
490,0.49062883853912354,0.5069488,0.16081386000041675,0.16058802604675293
491,0.49078766504923504,0.50827134,0.16057188699960534,0.1613152027130127
492,0.48863685131073,0.50404763,0.16002530399964598,0.1601099967956543
493,0.48983152707417804,0.5122259,0.15962296599991532,0.15998363494873047
494,0.4905539353688558,0.50766826,0.15740539899979922,0.16346287727355957
495,0.48959243297576904,0.5089273,0.16507712000020547,0.1747598648071289
496,0.4880986213684082,0.50899225,0.16770083400024305,0.17310047149658203
497,0.4870466391245524,0.50952566,0.16696692400000757,0.17014336585998535
498,0.4890425205230713,0.50797474,0.1606750879991523,0.17635345458984375
499,0.48518097400665283,0.50659597,0.16869471999962116,0.17195820808410645
500,0.4883640607198079,0.5111945,0.16567829600080586,0.17486166954040527
501,0.4873075485229492,0.51045054,0.16703638099988893,0.16801047325134277
502,0.4822394847869873,0.5055031,0.1624526470004639,0.17951035499572754
503,0.48186930020650226,0.5113562,0.16760038300071756,0.17081499099731445
504,0.4804197947184245,0.509609,0.1646223319994533,0.17138266563415527
505,0.4868553082148234,0.51349527,0.16754851499990764,0.16813182830810547
506,0.4784000317255656,0.5123252,0.16385913399972196,0.17642807960510254
507,0.484546701113383,0.50826037,0.1662108199998329,0.17252898216247559
508,0.482025146484375,0.5118299,0.1665316039998288,0.17264652252197266
509,0.4783610900243123,0.5111818,0.1678930180005409,0.1720104217529297
510,0.47751609484354657,0.5094696,0.16779283199957717,0.17256927490234375
511,0.47765616575876874,0.5120576,0.16353272699961963,0.1626896858215332
512,0.4757322470347087,0.5134897,0.15765342800023063,0.15828204154968262
513,0.4773077170054118,0.51239,0.159335820000706,0.15978384017944336
514,0.47706278165181476,0.51213974,0.16017403899968485,0.16102147102355957
515,0.4768432378768921,0.51412886,0.1562728649996643,0.1568443775177002
516,0.47163112958272296,0.50967515,0.15756286600026215,0.15839242935180664
517,0.47302162647247314,0.51714253,0.15581572800056165,0.1567084789276123
518,0.4729423522949219,0.51806235,0.15743755200037413,0.15669679641723633
519,0.47294191519419354,0.5121665,0.16015423600038048,0.16121435165405273
520,0.47167591253916424,0.5139359,0.15832914000020537,0.15846729278564453
521,0.4696165720621745,0.51605517,0.156767358000252,0.1576542854309082
522,0.467529296875,0.5152621,0.15849045699997077,0.15909671783447266
523,0.4704012870788574,0.5148473,0.15923737899993284,0.16012096405029297
524,0.47187217076619464,0.51848507,0.16108660200006852,0.1601102352142334
525,0.46822071075439453,0.52267486,0.1600365550002607,0.16040730476379395
526,0.46743706862131756,0.51586455,0.1592839479999384,0.15913724899291992
527,0.4666338364283244,0.518417,0.16080695700020442,0.16066503524780273
528,0.4675421317418416,0.52234554,0.1589059289999568,0.1589503288269043
529,0.46605785687764484,0.5183089,0.1622659240001667,0.16260886192321777
530,0.4654805262883504,0.5192124,0.15817252499982715,0.15901422500610352
531,0.45920034249623615,0.5195978,0.15692755799955194,0.15686488151550293
532,0.45877869923909503,0.5208718,0.15754297300009057,0.1589059829711914
533,0.4604320526123047,0.5199276,0.15881712100053846,0.15878677368164062
534,0.458379069964091,0.52503955,0.1565276889996312,0.15716958045959473
535,0.4605793555577596,0.5245801,0.15599991399994906,0.1562037467956543
536,0.4592885573705037,0.51892376,0.1581623350002701,0.15743803977966309
537,0.4584471782048543,0.52147824,0.16008586899988586,0.15958285331726074
538,0.45643587907155353,0.5262669,0.15646970099987811,0.1572260856628418
539,0.461037556330363,0.52420276,0.15662139000050956,0.1569981575012207
540,0.45683709780375165,0.522953,0.15960420800001884,0.159285306930542
541,0.4549879233042399,0.5231836,0.158598054000322,0.15856528282165527
542,0.4522412618001302,0.52176017,0.1558345299999928,0.1565687656402588
543,0.4507840871810913,0.5294152,0.15769412000008742,0.15744352340698242
544,0.44968120257059735,0.5301052,0.1610278490006749,0.16044402122497559
545,0.45129422346750897,0.52570695,0.1573302690003402,0.15761351585388184
546,0.4483726421991984,0.53053856,0.1608098759998029,0.15994906425476074
547,0.44955408573150635,0.5222331,0.156065082999703,0.15703558921813965
548,0.45274802049001056,0.5274874,0.1570458360001794,0.15612363815307617
549,0.44856850306193036,0.5258187,0.15712133400029415,0.15750551223754883
550,0.4488232533137004,0.5287845,0.15736686299987923,0.1568138599395752
551,0.4497225284576416,0.5251588,0.15688500000032946,0.15679121017456055
552,0.44960323969523114,0.53350955,0.16083277000052476,0.16107964515686035
553,0.44345704714457196,0.52706426,0.1581754409999121,0.15881991386413574
554,0.44032804171244305,0.5276838,0.16321612899992033,0.1618037223815918
555,0.44307669003804523,0.53078973,0.15508496100028424,0.1551525592803955
556,0.4417823950449626,0.5272667,0.15678191000006336,0.15843844413757324
557,0.44296228885650635,0.52681875,0.1585361080005896,0.15884757041931152
558,0.4393189748128255,0.53125083,0.1620511589999296,0.16247081756591797
559,0.4347854455312093,0.52938807,0.16346468400024605,0.16238951683044434
560,0.43970827261606854,0.5300991,0.16100482299953,0.1616504192352295
561,0.43785274028778076,0.53114784,0.15695121699991432,0.15741801261901855
562,0.43541280428568524,0.5316494,0.15782878800018807,0.1568126678466797
563,0.4371918837229411,0.534234,0.15734783100015193,0.15740609169006348
564,0.4345020850499471,0.536839,0.15961119900021004,0.15857529640197754
565,0.4415234724680583,0.535803,0.1589497310005754,0.15932106971740723
566,0.43379175662994385,0.53032625,0.15997841500029608,0.159529447555542
567,0.4316241343816121,0.53529674,0.15896945800068352,0.15915513038635254
568,0.4280502001444499,0.53701293,0.16182938600013586,0.1616051197052002
569,0.427437424659729,0.5354539,0.16066528800001834,0.1590871810913086
570,0.42826418081919354,0.5286316,0.16666157500003465,0.17272162437438965
571,0.42654629548390705,0.5380383,0.17045868599961977,0.17616558074951172
572,0.4287554423014323,0.5342172,0.1658150029998069,0.16999411582946777
573,0.42747509479522705,0.533617,0.16761513399978867,0.1694648265838623
574,0.4267696539560954,0.53651834,0.16536052099945664,0.17099976539611816
575,0.4271823565165202,0.5351332,0.16719104799994966,0.1689767837524414
576,0.42759255568186444,0.53593427,0.16286449800008995,0.17045378684997559
577,0.42003802458445233,0.542732,0.16378600999996706,0.17106223106384277
578,0.42821943759918213,0.53679055,0.1640887389994532,0.17201948165893555
579,0.4239787658055623,0.53936714,0.16489124700001412,0.17067813873291016
580,0.4229937394460042,0.5364433,0.16219410600024275,0.16951298713684082
581,0.41877694924672443,0.54023963,0.16613200599931588,0.17162585258483887
582,0.42437267303466797,0.5393341,0.16396878999967157,0.1739969253540039
583,0.4257771571477254,0.53776264,0.16851167799995892,0.17292475700378418
584,0.41622817516326904,0.5393483,0.16711924100036413,0.17530345916748047
585,0.4131202697753906,0.5401169,0.16730190700036474,0.17138671875
586,0.41803983847300213,0.5379542,0.15723137499935547,0.1566779613494873
587,0.4117033878962199,0.5406089,0.1583559709997644,0.1586928367614746
588,0.413435697555542,0.54176855,0.15867335499933688,0.1596083641052246
589,0.41061270236968994,0.54148495,0.15655448500001512,0.15741252899169922
590,0.41235562165578205,0.54232734,0.16033984600016993,0.16049814224243164
591,0.4107040564219157,0.5444937,0.15553189500042208,0.15601444244384766
592,0.40642404556274414,0.54756474,0.15963237599953572,0.15984773635864258
593,0.40923861662546795,0.5471266,0.15990652999971644,0.15903568267822266
594,0.4047925074895223,0.5412908,0.16137845899993408,0.1608445644378662
595,0.40917229652404785,0.53890824,0.15790822399958415,0.1578369140625
596,0.4068586428960164,0.5499209,0.16033456300010585,0.15992093086242676
597,0.40516618887583417,0.5456119,0.155957429999944,0.15648221969604492
598,0.3987746636072795,0.54255164,0.16193547999955626,0.16143584251403809
599,0.4006172815958659,0.54803145,0.15548300499995094,0.15543603897094727
600,0.39724206924438477,0.54721767,0.1599554390004414,0.15999841690063477
601,0.39743053913116455,0.54746044,0.157644074000018,0.15774798393249512
602,0.3985896110534668,0.5467617,0.16118613999969966,0.16061162948608398
603,0.39501118659973145,0.5481952,0.15758957100024418,0.1568903923034668
604,0.3982042074203491,0.54844785,0.15642780700000003,0.15599322319030762
605,0.4013344446818034,0.5467171,0.1572932459994263,0.1572556495666504
606,0.39383308092753094,0.55237424,0.1604809580003348,0.15977168083190918
607,0.39809377988179523,0.55038047,0.15781477699965762,0.1577448844909668
608,0.3968677520751953,0.5481479,0.1604093140003897,0.16089558601379395
609,0.39606205622355145,0.5498794,0.15942375299982814,0.1591808795928955
610,0.3967243830362956,0.5502815,0.15915286100062076,0.15847301483154297
611,0.3981014092763265,0.55110085,0.15815343299982487,0.1584622859954834
612,0.38911930720011395,0.55246484,0.1657724020005844,0.16513872146606445
613,0.3848302761713664,0.54818183,0.1560357219996149,0.15599799156188965
614,0.38744159539540607,0.55263925,0.1563762690002477,0.15679645538330078
615,0.38837019602457684,0.5550458,0.1564457879994734,0.15758800506591797
616,0.3866313695907593,0.55251384,0.1583785610000632,0.1593642234802246
617,0.38817723592122394,0.5523744,0.15598533600041264,0.15645456314086914
618,0.3850402037302653,0.55120236,0.16244612100035738,0.1638481616973877
619,0.37923963864644367,0.5494013,0.1559895160007727,0.15621709823608398
620,0.3811198075612386,0.5510081,0.15935209800045413,0.1595449447631836
621,0.38186001777648926,0.54894894,0.15880408300017734,0.1579117774963379
622,0.3782721360524495,0.5536459,0.15685323500019877,0.1574537754058838
623,0.3722155491511027,0.555473,0.15718926599947736,0.1572432518005371
624,0.37411006291707355,0.5551293,0.1640370390005046,0.16404223442077637
625,0.3744707902272542,0.5567252,0.15667543000017758,0.1567704677581787
626,0.37311561902364093,0.55333054,0.15784523599995737,0.15860962867736816
627,0.375365416208903,0.55727637,0.15790566299983766,0.1584329605102539
628,0.3737827142079671,0.55684465,0.16367525700024999,0.16236615180969238
629,0.366252342859904,0.55641514,0.15915114600011293,0.15915608406066895
630,0.3702131112416585,0.56252384,0.16422909799985064,0.1644151210784912
631,0.37534745534261066,0.5557514,0.15820345799966162,0.1581127643585205
632,0.36889493465423584,0.5600833,0.15981895700042514,0.15976762771606445
633,0.3678369919459025,0.56087047,0.16044028299984348,0.15976285934448242
634,0.3674040635426839,0.55826086,0.16056301400021766,0.16056013107299805
635,0.37087714672088623,0.5565168,0.15967490799994266,0.15986037254333496
636,0.3668568929036458,0.5619547,0.16174387099999876,0.16156935691833496
637,0.36204667886098224,0.5624743,0.1616090819998135,0.16158509254455566
638,0.36628631750742596,0.5649114,0.16049450499940576,0.15967941284179688
639,0.35850393772125244,0.55982465,0.15828631600015797,0.15871286392211914
640,0.3574734926223755,0.557903,0.15873007600021083,0.16039228439331055
641,0.3625377416610718,0.56281227,0.1594687349997912,0.1598949432373047
642,0.36693692207336426,0.5635425,0.16202191800039145,0.16486811637878418
643,0.36575015385945636,0.5737168,0.1592503720003151,0.15936279296875
644,0.3602418899536133,0.5642927,0.16515544399953797,0.1699199676513672
645,0.3603197733561198,0.5606866,0.16843152299952635,0.17178654670715332
646,0.35795843601226807,0.56080073,0.16685480300020572,0.17147397994995117
647,0.3551350037256877,0.5648262,0.17009628100004193,0.17096447944641113
648,0.3574991226196289,0.5661391,0.16147267900032602,0.1730353832244873
649,0.3553994496663411,0.5657217,0.16956959600065602,0.17243218421936035
650,0.3488563696543376,0.5688864,0.16673388900017017,0.17513370513916016
651,0.3592692216237386,0.5723276,0.1671060580001722,0.16939878463745117
652,0.3504207531611125,0.5604423,0.16917316600029153,0.1729586124420166
653,0.34644007682800293,0.5681593,0.16449878599996737,0.1694777011871338
654,0.3414325714111328,0.56791544,0.163771944000473,0.18071317672729492
655,0.33879780769348145,0.5681091,0.1654462369997418,0.1693410873413086
656,0.34078558286031085,0.569845,0.16147871800058056,0.17215704917907715
657,0.3446539243062337,0.57327795,0.16439521099982812,0.17060518264770508
658,0.3429134686787923,0.5707944,0.16702307699961239,0.17116808891296387
659,0.3444226185480754,0.57420176,0.16447030000017548,0.1759657859802246
660,0.3408776521682739,0.5712506,0.1619005800002924,0.16486477851867676
661,0.33993542194366455,0.5742368,0.15744543399978284,0.15757465362548828
662,0.3346892197926839,0.5700497,0.16214374199989834,0.16011786460876465
663,0.33840378125508624,0.5701298,0.1580280190000849,0.1579735279083252
664,0.33806176980336505,0.5767511,0.15976165299980494,0.15888214111328125
665,0.33983850479125977,0.5722603,0.16005450099964946,0.16088294982910156
666,0.33244462807973224,0.57660514,0.15857120799955737,0.15777349472045898
667,0.3285137216250102,0.5751176,0.15977875099997618,0.15822339057922363
668,0.3298722306887309,0.57580745,0.1572479510004996,0.1563870906829834
669,0.32904865344365436,0.5733419,0.160442320000584,0.16614747047424316
670,0.3311550219853719,0.5801052,0.16428209399964544,0.16325044631958008
671,0.3352356751759847,0.5769744,0.15966905200002657,0.16174030303955078
672,0.3333848714828491,0.57677275,0.16068192300008377,0.15926432609558105
673,0.3275466561317444,0.5746132,0.16310197999973752,0.16315269470214844
674,0.32611389954884845,0.5836164,0.16177679100019304,0.16192245483398438
675,0.3211153745651245,0.58225524,0.15995482400012406,0.16169023513793945
676,0.32733174165089923,0.5777745,0.1585371450000821,0.1578352451324463
677,0.32583701610565186,0.58216196,0.1577535180003906,0.16112303733825684
678,0.32469433546066284,0.5816783,0.15886195300026884,0.1587226390838623
679,0.3164586027463277,0.5868059,0.15941455100073654,0.15808820724487305
680,0.32514705260594684,0.5778563,0.15717522900013137,0.1563401222229004
681,0.31782007217407227,0.5856808,0.15785630800019135,0.15775179862976074
682,0.3178062438964844,0.5843577,0.1572931949995109,0.16015267372131348
683,0.3161437114079793,0.5789517,0.1599516649994257,0.16017699241638184
684,0.3146699865659078,0.5825835,0.16075831599937374,0.15871095657348633
685,0.3137527108192444,0.59234565,0.15684979599973303,0.1575312614440918
686,0.31804128487904865,0.59095997,0.16027311999914673,0.1601734161376953
687,0.31402742862701416,0.58166724,0.1550014780004858,0.15507721900939941
688,0.31573136647542316,0.58447725,0.157287641000039,0.1564626693725586
689,0.3109261194864909,0.5953045,0.15713431000040146,0.15764117240905762
690,0.31875769297281903,0.5863897,0.16190967700003966,0.1620173454284668
691,0.31130047639211017,0.58597,0.16155948399955378,0.1616063117980957
692,0.3136301636695862,0.5942591,0.16022520800015627,0.15894341468811035
693,0.3093695044517517,0.5900653,0.1573991270006445,0.15708661079406738
694,0.30555208524068195,0.59526,0.1594016669996563,0.15874004364013672
695,0.30347681045532227,0.5924313,0.15947814999981347,0.15938925743103027
696,0.3080969452857971,0.588885,0.16103569000006246,0.16032099723815918
697,0.30527063210805255,0.59434795,0.1599257600000783,0.15854763984680176
698,0.3003882169723511,0.5998846,0.15928246600014973,0.15883803367614746
699,0.30196412404378253,0.5959113,0.15654280499984452,0.1563553810119629
700,0.29925431807835895,0.59651005,0.15798156700020627,0.1578059196472168
701,0.30399590730667114,0.5974887,0.15831003699986468,0.15874981880187988
702,0.3028794328371684,0.5997387,0.16093498899954284,0.1597435474395752
703,0.2987481753031413,0.6006698,0.15826508400004968,0.15857243537902832
704,0.29771753152211505,0.60317534,0.16154338999967877,0.16040825843811035
705,0.2959250807762146,0.5954258,0.15829093999946053,0.15843915939331055
706,0.2974328398704529,0.59691566,0.1606560130003345,0.1597611904144287
707,0.29302239418029785,0.6000805,0.16246218000014778,0.16182875633239746
708,0.2962874968846639,0.59786016,0.16271305400005076,0.16208243370056152
709,0.2921449939409892,0.5960618,0.15677826299997832,0.15702438354492188
710,0.289619505405426,0.59815764,0.1594353520004006,0.15865063667297363
711,0.2930291493733724,0.60547334,0.15924374499991245,0.15973711013793945
712,0.29027344783147174,0.6038462,0.1570226450003247,0.157318115234375
713,0.2957737445831299,0.6080824,0.16111360299964872,0.161224365234375
714,0.28685935338338214,0.6118389,0.16080319600041548,0.15905332565307617
715,0.29644306500752765,0.60345894,0.1564950609999869,0.1564347743988037
716,0.29116104046503705,0.60823905,0.1615857300002972,0.1604623794555664
717,0.2832093636194865,0.6117241,0.1578156730001865,0.1578361988067627
718,0.29297463099161786,0.6124835,0.1623395589995198,0.1620631217956543
719,0.2883575956026713,0.6124882,0.16359948700028326,0.17394375801086426
720,0.2886071403821309,0.6207368,0.1619557559997702,0.1753067970275879
721,0.2808371384938558,0.60979307,0.16812845200001902,0.16893529891967773
722,0.27784500519434613,0.61565006,0.16827193900007842,0.16884326934814453
723,0.289342721303304,0.6081345,0.16637660499964113,0.16849756240844727
724,0.2885162830352783,0.6195161,0.16246242199940752,0.17560410499572754
725,0.27866238355636597,0.61137384,0.16720463299952826,0.17147278785705566
726,0.2771124045054118,0.61670125,0.1630468129997098,0.17123913764953613
727,0.27830636501312256,0.6104202,0.1685208450007849,0.1719532012939453
728,0.2770763834317525,0.62083083,0.16327689999980066,0.1702117919921875
729,0.27789105971654254,0.62131476,0.1644295020005302,0.16931509971618652
730,0.28354541460673016,0.61448973,0.15732521900008578,0.17328667640686035
731,0.27691012620925903,0.624204,0.1627270099997986,0.17003083229064941
732,0.2819979389508565,0.6128992,0.1646940500004348,0.17210078239440918
733,0.2815562089284261,0.6296156,0.16740813399974286,0.1692180633544922
734,0.2763599356015523,0.62324256,0.1637473979999413,0.16987371444702148
735,0.2826659878094991,0.6253693,0.16073825300009048,0.16109251976013184
736,0.2757134437561035,0.62505424,0.16579431399986788,0.16528844833374023
737,0.28868357340494794,0.6246495,0.1619209549999141,0.1622931957244873
738,0.2973625659942627,0.612533,0.16054708800038497,0.15946555137634277
739,0.2908432086308797,0.61246395,0.1571150130002934,0.1570417881011963
740,0.27640336751937866,0.62410134,0.16006750599990482,0.15908455848693848
741,0.2717571258544922,0.62614393,0.15862594400005037,0.15772032737731934
742,0.2669867277145386,0.6152476,0.16243453299921384,0.1628589630126953
743,0.26555593808492023,0.62035215,0.1574575790000381,0.1576097011566162
744,0.2713063756624858,0.61497414,0.15823080400059553,0.1590421199798584
745,0.26599305868148804,0.62244064,0.1576384029995097,0.15810585021972656
746,0.265864630540212,0.6177613,0.15637275900007808,0.1565570831298828
747,0.2619880437850952,0.62313706,0.15578757399998722,0.15639901161193848
748,0.26114779710769653,0.6202533,0.1619974049999655,0.1614835262298584
749,0.2608896295229594,0.620992,0.15718566099985765,0.15759563446044922
750,0.2588215470314026,0.620042,0.15781139699993219,0.15967130661010742
751,0.26286651690800983,0.6264881,0.1568494670000291,0.15740323066711426
752,0.26524239778518677,0.6270325,0.15838217900000018,0.1595020294189453
753,0.2644997437795003,0.6278588,0.1591529620000074,0.15793800354003906
754,0.2581628958384196,0.62397003,0.15900260099988373,0.16158676147460938
755,0.25274495283762616,0.62950605,0.1598439019999205,0.15999484062194824
756,0.25644757350285846,0.62795293,0.1600175149997085,0.1613917350769043
757,0.2586102883021037,0.6310405,0.1547633970003517,0.1555478572845459
758,0.25334684054056805,0.63371044,0.15863676499975554,0.15848183631896973
759,0.25703855355580646,0.6382314,0.16000618699945335,0.15907049179077148
760,0.2496726910273234,0.6272833,0.15999449500031915,0.16043615341186523
761,0.24891289075215658,0.63492626,0.15861842499998602,0.1584467887878418
762,0.24624147017796835,0.63134116,0.15648075100034475,0.15689444541931152
763,0.24881666898727417,0.63602036,0.15863820199956535,0.15935587882995605
764,0.2498371402422587,0.63343865,0.15780656900005852,0.15788507461547852
765,0.24777122338612875,0.6314017,0.16046141700007865,0.16067743301391602
766,0.24833881855010986,0.63285244,0.16273353300039162,0.16344070434570312
767,0.24855891863505045,0.63353246,0.15517297299993515,0.15534186363220215
768,0.25399335225423175,0.6378973,0.16047459600031289,0.16078782081604004
769,0.24765696128209433,0.63499635,0.15822655800002394,0.1590285301208496
770,0.24746239185333252,0.6397706,0.16278806799982704,0.1630878448486328
771,0.24670680363972983,0.63687617,0.16199660999973275,0.16100430488586426
772,0.24121723572413126,0.64177275,0.1645941999995557,0.1642465591430664
773,0.2496237357457479,0.64183086,0.16198465999968903,0.16220688819885254
774,0.2555146813392639,0.63868284,0.162175056999331,0.16488981246948242
775,0.24502074718475342,0.6389714,0.15753722800036485,0.15761542320251465
776,0.2426837682723999,0.6410166,0.1624511589998292,0.15998172760009766
777,0.24630055824915567,0.64549786,0.1590699370008224,0.15913701057434082
778,0.23996325333913168,0.6393117,0.1600587759994596,0.16430020332336426
779,0.24055161078770956,0.6462136,0.15813175199946272,0.15891075134277344
780,0.2385994791984558,0.6422752,0.1593864639999083,0.15999913215637207
781,0.2402021884918213,0.6567128,0.1628647239995189,0.16303253173828125
782,0.24518058697382608,0.64394194,0.1596267680006349,0.15970611572265625
783,0.24103548129399618,0.6406985,0.15683298100066168,0.15734124183654785
784,0.2416750192642212,0.6459245,0.15785666800002218,0.1616659164428711
785,0.23918292919794717,0.64790463,0.15687798700037092,0.15738344192504883
786,0.2375901142756144,0.645849,0.16016917800061492,0.16047215461730957
787,0.23402893543243408,0.645158,0.16253867999967042,0.16305184364318848
788,0.23565751314163208,0.6505612,0.16481308000038553,0.16321802139282227
789,0.2344618240992228,0.64605314,0.1619673060004061,0.16196393966674805
790,0.2370965083440145,0.64366895,0.1604945620001672,0.16620540618896484
791,0.24330119291941324,0.647328,0.15809354900011385,0.15879535675048828
792,0.2325477401415507,0.63885957,0.1589028150001468,0.15974926948547363
793,0.22991973161697388,0.6470369,0.15909497499978897,0.16258740425109863
794,0.2270133097966512,0.6490686,0.1645515730006082,0.1696767807006836
795,0.22849327325820923,0.6487067,0.16673461300069903,0.17085504531860352
796,0.23307750622431436,0.6464147,0.1642816319999838,0.17141246795654297
797,0.2291589379310608,0.64711106,0.16773501100033172,0.16939663887023926
798,0.23018763462702432,0.648451,0.16737315299997135,0.16965675354003906
799,0.22608341773351034,0.65675837,0.16522900899963133,0.16836190223693848
800,0.23135594526926676,0.6553612,0.16727759300010803,0.16901588439941406
801,0.22103488445281982,0.65702343,0.16617306899934192,0.17471528053283691
802,0.22614612181981406,0.6530494,0.16470287700030894,0.17177486419677734
803,0.22389835119247437,0.6583279,0.16716955099946063,0.1681363582611084
804,0.22038098176320395,0.6584236,0.16068841300057102,0.17468571662902832
805,0.22680115699768066,0.6559538,0.1657190809992244,0.16861462593078613
806,0.22319316864013672,0.65522,0.1617784190002567,0.17112207412719727
807,0.22268269459406534,0.65459347,0.1603853730002811,0.17616868019104004
808,0.21677722533543906,0.6526927,0.1671310709998579,0.16998839378356934
809,0.21371084451675415,0.65843934,0.16533509399960167,0.1671466827392578
810,0.21660164992014566,0.6559577,0.15991420800037304,0.15823006629943848
811,0.21498616536458334,0.66555053,0.1578935419993286,0.15860795974731445
812,0.21981704235076904,0.65633935,0.163416313000198,0.16310524940490723
813,0.21917996803919473,0.6622437,0.1596285519999583,0.16057634353637695
814,0.2209989627202352,0.65259475,0.1565355680004359,0.15723299980163574
815,0.21860984961191812,0.6568743,0.16012481599955208,0.1596684455871582
816,0.21556103229522705,0.66144574,0.16128273899994383,0.1618354320526123
817,0.22418548663457236,0.6682637,0.1594597370003612,0.16000056266784668
818,0.21905338764190674,0.6623938,0.159167014000559,0.1589040756225586
819,0.2168651819229126,0.6667165,0.1598537359996044,0.16043806076049805
820,0.20994375149408975,0.6630909,0.15681740099989838,0.15669822692871094
821,0.21235666672388712,0.66293573,0.15681699000015215,0.15742206573486328
822,0.21095393101374307,0.6619954,0.15758286300024338,0.15557217597961426
823,0.21634880701700845,0.6699297,0.15845660400009365,0.15910816192626953
824,0.21632719039916992,0.6647619,0.16296196700022847,0.16261720657348633
825,0.2158183455467224,0.66074294,0.15836013900025137,0.15868353843688965
826,0.2154571215311686,0.6690706,0.1569184049994874,0.15778064727783203
827,0.20498013496398926,0.6635914,0.1570431339996503,0.15801167488098145
828,0.20634857813517252,0.6648779,0.15797762400052306,0.1570298671722412
829,0.20482353369394937,0.6614195,0.1569347109998489,0.15729737281799316
830,0.2073282798131307,0.6674017,0.1589113769996402,0.15790152549743652
831,0.20904622475306192,0.6659352,0.1563672049996967,0.1567680835723877
832,0.20933483044306436,0.666119,0.16059415800009447,0.16073060035705566
833,0.20805269479751587,0.669158,0.1582469900004071,0.15710806846618652
834,0.20434405406316122,0.6662057,0.15691138700003648,0.15619158744812012
835,0.2038125991821289,0.66735417,0.15619084700028907,0.1559286117553711
836,0.2054261565208435,0.67507976,0.15663506100008817,0.15659260749816895
837,0.20361357927322388,0.6754163,0.1582418610005334,0.1590557098388672
838,0.20639252662658691,0.67302895,0.1588649860004807,0.16014790534973145
839,0.20084047317504883,0.6717875,0.1577047999999195,0.158369779586792
840,0.2089542547861735,0.6768875,0.16013581400056864,0.16069531440734863
841,0.20781413714090982,0.67794496,0.15830743300011818,0.15890979766845703
842,0.20250884691874185,0.6817374,0.16021164499943552,0.15982818603515625
843,0.20217289527257284,0.6705984,0.1599481620005463,0.16000795364379883
844,0.20051719745000204,0.6747109,0.1592820699997901,0.16143059730529785
845,0.20053517818450928,0.68015057,0.15841762199943332,0.15762090682983398
846,0.1995006004969279,0.6778375,0.16039904999979626,0.16076016426086426
847,0.1914376219113668,0.6739564,0.15802469300069788,0.15999722480773926
848,0.19250170389811197,0.6755887,0.15418914200017753,0.1553959846496582
849,0.19835476080576578,0.6792575,0.15831962500033114,0.16520357131958008
850,0.2030774156252543,0.6817428,0.16040088499994454,0.1601881980895996
851,0.19919562339782715,0.6730613,0.15849517799961177,0.15941762924194336
852,0.1983951727549235,0.6686322,0.15942643899961695,0.15935969352722168
853,0.19338885943094888,0.68161947,0.15944282400050724,0.15900182723999023
854,0.19537460803985596,0.678997,0.15930372100046952,0.15978789329528809
855,0.19309037923812866,0.68503237,0.15736651400038681,0.15766143798828125
856,0.1936387618382772,0.6803161,0.15542783900036738,0.15564346313476562
857,0.19471981128056845,0.6861795,0.15490124200005084,0.1558237075805664
858,0.18514448404312134,0.68094116,0.15815788399959274,0.1573796272277832
859,0.1970874865849813,0.6806379,0.15853695099940524,0.157912015914917
860,0.1973419189453125,0.67837864,0.15819963699959771,0.15855765342712402
861,0.19212271769841513,0.68300277,0.1575621339998179,0.15776324272155762
862,0.18928809960683188,0.68498003,0.15802118400006293,0.1594383716583252
863,0.19229823350906372,0.68213314,0.1608245130000796,0.15899372100830078
864,0.18738881746927896,0.6825972,0.16295064399946568,0.16238093376159668
865,0.1939905881881714,0.68543386,0.16196169599970744,0.16219162940979004
866,0.19535046815872192,0.6774391,0.1610441869997885,0.16104459762573242
867,0.1917113463083903,0.6840817,0.15956854599971848,0.16068267822265625
868,0.1969734032948812,0.67935306,0.16250782499992056,0.17837190628051758
869,0.19490907589594522,0.6901241,0.16830242500054737,0.1690526008605957
870,0.18821197748184204,0.6830542,0.16087952199995925,0.17008423805236816
871,0.18290181954701742,0.6840362,0.16807774900007644,0.16923737525939941
872,0.19142645597457886,0.6804148,0.16252849899956345,0.17159676551818848
873,0.18478808800379434,0.68423116,0.16608665399962774,0.16856765747070312
874,0.1823165019353231,0.6829163,0.16233416700015368,0.16918659210205078
875,0.18458926677703857,0.68284523,0.16754558599950542,0.1707451343536377
876,0.18661234776178995,0.6829994,0.1627184839999245,0.1746969223022461
877,0.18006292978922525,0.68626875,0.1693255770005635,0.17065095901489258
878,0.17859065532684326,0.68141925,0.1589680729994143,0.1709916591644287
879,0.181718111038208,0.68208706,0.16368997900008253,0.1721796989440918
880,0.18299808104832968,0.6816199,0.16256968099969527,0.17038750648498535
881,0.17668455839157104,0.6844446,0.16654142099923774,0.1725306510925293
882,0.18451627095540366,0.687758,0.16589885399935156,0.17091631889343262
883,0.18209453423817953,0.68574506,0.16863437299980433,0.1690833568572998
884,0.1847249468167623,0.68457377,0.1548837979999007,0.16942524909973145
885,0.18384174505869547,0.6898655,0.15737642400017648,0.15731167793273926
886,0.18186728159586588,0.687246,0.15944926000065607,0.16052937507629395
887,0.17915709813435873,0.6927463,0.1573080679991108,0.15695619583129883
888,0.1756120721499125,0.6932211,0.15987202300038916,0.15949153900146484
889,0.18042123317718506,0.68644613,0.1583049229993776,0.15822052955627441
890,0.17603554328282675,0.68680614,0.15725848600050085,0.15869355201721191
891,0.17992613712946573,0.6959922,0.1576225250000789,0.15659070014953613
892,0.18422635396321616,0.69748205,0.16128625400051533,0.16094422340393066
893,0.1856420636177063,0.68225235,0.15678062999995745,0.1566011905670166
894,0.20431252320607504,0.6940576,0.16011436900043918,0.1591651439666748
895,0.22368977467219034,0.6845933,0.15676615800020954,0.15651798248291016
896,0.2053794264793396,0.6843249,0.1631075770001189,0.1629045009613037
897,0.18330349524815878,0.6905239,0.15663580699947488,0.1564626693725586
898,0.18437625964482626,0.68756473,0.1566123829998105,0.15641355514526367
899,0.1790560483932495,0.68370396,0.16168498100068973,0.16120529174804688
900,0.17880245049794516,0.68444747,0.15712945199993555,0.15651917457580566
901,0.17162646849950156,0.6892879,0.15961277400037943,0.1596827507019043
902,0.17069665590922037,0.688728,0.16256958600024518,0.1611790657043457
903,0.1695390741030375,0.68811876,0.15691512299963506,0.1571645736694336
904,0.16949685414632162,0.69126225,0.160797991000436,0.16056156158447266
905,0.1693120002746582,0.6867268,0.15752412700021523,0.15798163414001465
906,0.17247410615285239,0.68648064,0.16191046000039933,0.16131877899169922
907,0.17634119590123495,0.6941374,0.15642461399966123,0.15621542930603027
908,0.17599389950434366,0.68771404,0.15997264399993583,0.1607658863067627
909,0.17505216598510742,0.68458843,0.1611052230000496,0.1595914363861084
910,0.16451287269592285,0.6960679,0.16129486099998758,0.16025233268737793
911,0.16850560903549194,0.68945926,0.15694817600069655,0.15682554244995117
912,0.16964163382848105,0.6991984,0.15959127400037687,0.15855097770690918
913,0.16851470867792764,0.69083786,0.15674446699995315,0.1565079689025879
914,0.16697070995966592,0.6899045,0.16031835899957514,0.1615440845489502
915,0.1708540121714274,0.6939397,0.1592218360001425,0.1595478057861328
916,0.16641313831011453,0.6925091,0.15826502100026119,0.1572411060333252
917,0.17174120744069418,0.6928191,0.15846709099969303,0.15843749046325684
918,0.17098740736643472,0.6882451,0.16014278900001955,0.1595008373260498
919,0.16360379258791605,0.6907487,0.15856216100019083,0.15867948532104492
920,0.1651063064734141,0.6935255,0.16142039600072167,0.1611461639404297
921,0.16892536481221518,0.6944598,0.1566811559996495,0.15670013427734375
922,0.16202135880788168,0.6881122,0.15837610900052823,0.1576676368713379
923,0.16512585679690042,0.6914897,0.1553100999999515,0.15541458129882812
924,0.16482783357302347,0.694132,0.15505323400066118,0.15525341033935547
925,0.16172544161478677,0.69290155,0.15756488099941635,0.1578052043914795
926,0.16131316622098288,0.6925084,0.1594582249999803,0.16034245491027832
927,0.1650205651919047,0.69833213,0.1588079530001778,0.15841364860534668
928,0.1656902531782786,0.69585514,0.16091496999979427,0.16106104850769043
929,0.16270106037457785,0.70163774,0.15584929500073486,0.1557636260986328
930,0.15829084316889444,0.69875497,0.1584337209997102,0.1574559211730957
931,0.15750083327293396,0.69677997,0.15594935299941426,0.156965970993042
932,0.16235514481862387,0.69668865,0.160962663000646,0.1602013111114502
933,0.16540746887524924,0.6955376,0.15707838900016213,0.1578810214996338
934,0.1637070377667745,0.7033505,0.15681676999975025,0.1562333106994629
935,0.15501324335734049,0.6942599,0.15832573300031072,0.15874552726745605
936,0.1588569978872935,0.69621587,0.16446434800036513,0.1639244556427002
937,0.15564637382825217,0.6979295,0.16347582600064925,0.16221237182617188
938,0.1577601432800293,0.69361556,0.15841325400015194,0.16085100173950195
939,0.1581965684890747,0.6966571,0.15861381699960475,0.15926027297973633
940,0.16039364536603293,0.69968903,0.15976994799984823,0.159423828125
941,0.15956210096677145,0.70310915,0.15707731599923136,0.15695691108703613
942,0.16025360425313315,0.70423174,0.16052201300044544,0.16012096405029297
943,0.15945816040039062,0.70265514,0.16884248899987142,0.17483043670654297
944,0.16274874409039816,0.7021029,0.1547889909998048,0.17984700202941895
945,0.155087540547053,0.7007367,0.16470351800035132,0.16785621643066406
946,0.15788714090983072,0.70367193,0.16739666200010106,0.1675262451171875
947,0.1558589537938436,0.7006718,0.16770022199943924,0.168060302734375
948,0.1520462433497111,0.7011421,0.16752969000026496,0.16930723190307617
949,0.15479050079981485,0.70207614,0.16844453000067006,0.16951608657836914
950,0.1602103809515635,0.7023325,0.1666632619999291,0.17359185218811035
951,0.15245739618937174,0.70522165,0.16800508500000433,0.1682419776916504
952,0.1515028973420461,0.7014714,0.1677832129998933,0.16846179962158203
953,0.15495922168095908,0.6970105,0.16376098000000638,0.16678094863891602
954,0.15493653217951456,0.7044147,0.162841720999495,0.17045021057128906
955,0.154034694035848,0.70550734,0.16616135900039808,0.17434430122375488
956,0.15406981110572815,0.7015751,0.1684788619995743,0.1730337142944336
957,0.15801429748535156,0.7001701,0.1698967550000816,0.17291712760925293
958,0.15550191203753153,0.70356345,0.16563904200029356,0.17357373237609863
959,0.154949019352595,0.7074434,0.16193881000071997,0.16408085823059082
960,0.1574889918168386,0.7037234,0.16046246699988842,0.16058564186096191
961,0.15805717309316,0.7035039,0.1600474769993525,0.1610398292541504
962,0.15475515524546304,0.7067523,0.1584946700004366,0.15989995002746582
963,0.15084388852119446,0.70676494,0.15562190299988288,0.15657281875610352
964,0.1520829200744629,0.70691466,0.1588700100001006,0.1585979461669922
965,0.15067817767461142,0.7066924,0.15908389699961845,0.1591334342956543
966,0.14779411753018698,0.70954865,0.16301679799926205,0.16127920150756836
967,0.15022305647532144,0.70779926,0.1645016319998831,0.16509509086608887
968,0.1500849723815918,0.71150714,0.16001740799947584,0.15989089012145996
969,0.14711122711499533,0.70445997,0.1571138310000606,0.1576242446899414
970,0.14564554889996847,0.7076823,0.1594991250003659,0.16162776947021484
971,0.1456685264905294,0.7126383,0.15779407900026854,0.15649151802062988
972,0.1484395662943522,0.7079328,0.16141629000048852,0.1611499786376953
973,0.1503812571366628,0.7066535,0.16161236600055418,0.1622157096862793
974,0.14847221970558167,0.71056974,0.16061361599986412,0.1601121425628662
975,0.15275360147158304,0.7143273,0.1594852689995605,0.15921854972839355
976,0.14871613184611002,0.70770437,0.1586056890000691,0.15745282173156738
977,0.1489927073319753,0.7075613,0.1580486889997701,0.1581583023071289
978,0.1451809306939443,0.71232104,0.16110223199939355,0.15915584564208984
979,0.14774585763613382,0.7076854,0.15790192000076786,0.15837836265563965
980,0.14369664589564005,0.7134215,0.15898149500026193,0.15890908241271973
981,0.15130874514579773,0.7103145,0.1544793250004659,0.15511608123779297
982,0.145955761273702,0.7060392,0.15760737200071162,0.15714693069458008
983,0.1489464541276296,0.7137296,0.1607884990007733,0.15964460372924805
984,0.14548452695210776,0.7090422,0.15556107300017175,0.15627288818359375
985,0.1406943996747335,0.70992196,0.16094563699971332,0.16106867790222168
986,0.14239880442619324,0.7158075,0.1610521720003817,0.16221165657043457
987,0.149185578028361,0.7089029,0.15534549899984995,0.155256986618042
988,0.14595860242843628,0.7091645,0.15606037299949094,0.15619874000549316
989,0.1448416312535604,0.71641004,0.15552930099966034,0.1557323932647705
990,0.14494832356770834,0.7183271,0.15722145899962925,0.15755677223205566
991,0.13981200257937113,0.7136232,0.15964466900004481,0.1598954200744629
992,0.1464354395866394,0.71564585,0.15686570200068672,0.15677738189697266
993,0.15026118357976279,0.7163244,0.15776757399999042,0.1576981544494629
994,0.14015880227088928,0.71573126,0.15876468999977078,0.15772056579589844
995,0.1425531506538391,0.71586627,0.15712909400008357,0.15764784812927246
996,0.14344299832979837,0.70972395,0.15665981600068335,0.15703558921813965
997,0.14234161376953125,0.7149157,0.15837620799993601,0.15834736824035645
998,0.1420381267865499,0.7112016,0.16061180100041383,0.15997719764709473
999,0.14075464010238647,0.7153834,0.15722060200005217,0.15702557563781738
